Sample:,PTID,SAMPLE_ID,STIM,Tissue,TimePoint,CD103,CD69,CD25,CD16,CD57,CD158,GranzymeB,NKG2D,CD69CD103,CD69GranB,CD69GranB_,CD69_GranB
20221_E3_E03_019.fcs,20221,20221_BAL_wk8,Mtb Lysate,BAL,W8,42.1,92.7,21.1,14.9,0.19,0.96,87.7,0.57,41.4,81.4,11.3,6.32
20221_E1_E01_017.fcs,20221,20221_BAL_wk8,Unstim,BAL,W8,53.7,91.8,0,5.38,0,0.6,39.6,2.39,52.5,35,56.8,4.63
20221_A3_A03_003.fcs,20221,20221_PBMC_pre,Mtb Lysate,PBMC,No Vax,0.32,20.8,0.19,58.1,0.097,0.3,86.4,0.24,0.11,18.2,2.69,68.2
20221_A1_A01_001.fcs,20221,20221_PBMC_pre,Unstim,PBMC,No Vax,0.39,20.1,0,51,0.13,0.18,81.7,0.39,0.078,15.8,4.3,65.9
20221_B3_B03_007.fcs,20221,20221_PBMC_wk2,Mtb Lysate,PBMC,W2,0.25,23.5,0.41,73.8,0.067,0.29,96,0.06,0.15,22.7,0.82,73.4
20221_B1_B01_005.fcs,20221,20221_PBMC_wk2,Unstim,PBMC,W2,0.43,26.9,0,40,0.014,0.21,95.4,0.14,0.12,25.8,1.11,69.6
20221_C3_C03_011.fcs,20221,20221_PBMC_wk4,Mtb Lysate,PBMC,W4,0.5,37.4,0.63,57.5,0.15,0.93,96.2,0.067,0.36,36.1,1.22,60.1
20221_C1_C01_009.fcs,20221,20221_PBMC_wk4,Unstim,PBMC,W4,0.49,28,0.027,38.8,0.08,0.81,94.1,0.24,0.27,26.4,1.6,67.7
20221_D3_D03_015.fcs,20221,20221_PBMC_wk8,Mtb Lysate,PBMC,W8,0.36,39.4,0.38,53.6,0.065,0.46,93,0.13,0.28,36.5,2.96,56.5
20221_D1_D01_013.fcs,20221,20221_PBMC_wk8,Unstim,PBMC,W8,0.54,28.5,0,38.8,0.012,0.27,85.4,0.39,0.28,23.5,4.99,61.9
18C086_F3_F03_043.fcs,SEDXX11,SEDXX11_BAL_pre,Mtb Lysate,BAL,No Vax,37,86,12.8,6.94,0.13,1.06,59.6,1.72,35.3,54.5,31.5,5.16
18C086_F1_F01_041.fcs,SEDXX11,SEDXX11_BAL_pre,Unstim,BAL,No Vax,42.1,78.7,2.43,7.37,0.14,0.5,36.4,1.5,36.8,30.3,48.4,6.15
SEDXX20_G3_G03_047.fcs,SEDXX20,SEDXX20_BAL_pre,Mtb Lysate,BAL,No Vax,33.6,80.6,12.3,3.27,0.43,1.33,16.2,1.95,30.8,13.1,67.5,3.08
SEDXX20_G1_G01_045.fcs,SEDXX20,SEDXX20_BAL_pre,Unstim,BAL,No Vax,32.6,68.4,2.68,3.78,0.65,1.59,11.9,1.54,28,7,61.4,4.87
4219_E7_E07_039.fcs,4219,4219_BAL_wk8,Mtb Lysate,BAL,W8,33.5,92,34.5,35.1,0.26,0.54,92.4,0.49,33.4,85.2,6.85,7.26
4219_E5_E05_037.fcs,4219,4219_BAL_wk8,Unstim,BAL,W8,38.5,83.7,0.28,33.7,0.13,0.35,51.9,3.13,36.8,39.5,44.2,12.4
4219_A7_A07_023.fcs,4219,4219_PBMC_pre,Mtb Lysate,PBMC,No Vax,0.22,10.9,0.17,44.8,0.055,0.19,91.5,0.064,0.025,9.95,0.94,81.5
4219_A5_A05_021.fcs,4219,4219_PBMC_pre,Unstim,PBMC,No Vax,1.25,8.88,0.033,37.2,0.091,0.24,86,0.2,0.043,7.44,1.45,78.6
4219_B7_B07_027.fcs,4219,4219_PBMC_wk2,Mtb Lysate,PBMC,W2,0.22,20,1.21,52,0.33,0.83,95,0.17,0.028,19.5,0.5,75.5
4219_B5_B05_025.fcs,4219,4219_PBMC_wk2,Unstim,PBMC,W2,3.13,16.6,0,26.2,0.23,0.57,93.9,1.16,0.3,16.2,0.4,77.8
4219_C7_C07_031.fcs,4219,4219_PBMC_wk4,Mtb Lysate,PBMC,W4,0.23,23.5,1.08,41.2,0.35,1.17,89,0.065,0.039,21.8,1.68,67.1
4219_C5_C05_029.fcs,4219,4219_PBMC_wk4,Unstim,PBMC,W4,1.99,10.6,0.042,23.9,0.3,0.84,92.6,0.61,0.097,10.3,0.28,82.2
4219_D7_D07_035.fcs,4219,4219_PBMC_wk8,Mtb Lysate,PBMC,W8,1.31,7.66,0,27.9,3.55,2.43,86.4,0.56,0,7.66,0,78.7
4219_D5_D05_033.fcs,4219,4219_PBMC_wk8,Unstim,PBMC,W8,4.07,13.4,0.16,24.8,1.47,1.47,88.8,0.16,0.49,13,0.33,75.7
SEDXX6_F7_F07_051.fcs,SEDXX6,SEDXX6_BAL_wk4,Mtb Lysate,BAL,W4,36.3,78.3,35.3,75.4,0.06,1.17,87.2,1.18,35.8,69.3,9.01,17.9
SEDXX6_F5_F05_049.fcs,SEDXX6,SEDXX6_BAL_wk4,Unstim,BAL,W4,41.1,70.2,27.6,74.8,0.051,0.69,79.5,2.1,40.3,55.1,15.1,24.3
SEDXX16_F7_F07_047.fcs,SEDXX16,SEDXX16_BAL_pre,Mtb Lysate,BAL,No Vax,63.3,84.8,6.96,0.63,1.9,1.27,72.2,0,60.1,64.6,20.3,7.59
SEDXX16_F5_F05_045.fcs,SEDXX16,SEDXX16_BAL_pre,Unstim,BAL,No Vax,55,78.2,0.47,2.37,0.95,0.47,29.4,0.95,49.8,21.3,56.9,8.06
22119_E11_E11_067.fcs,22119,22119_BAL_wk8,Mtb Lysate,BAL,W8,62.3,82.7,12.9,1.24,0.049,0.49,96,0,56.9,79.6,3.06,16.4
22119_E9_E09_065.fcs,22119,22119_BAL_wk8,Unstim,BAL,W8,85.6,73.7,0.71,1.6,0.12,0.59,44.2,0,66.1,35.1,38.7,9.19
22119_A11_A11_051.fcs,22119,22119_PBMC_pre,Mtb Lysate,PBMC,No Vax,2.18,12.7,0.34,25,0.23,0.4,88.1,0.057,0,11.6,1.15,76.5
22119_A9_A09_049.fcs,22119,22119_PBMC_pre,Unstim,PBMC,No Vax,4.67,8.83,0,23.6,0.29,0.8,70.7,0.15,0.15,7.08,1.75,63.6
22119_B11_B11_055.fcs,22119,22119_PBMC_wk2,Mtb Lysate,PBMC,W2,1.13,19.3,2.26,35.6,0.35,1.04,92.9,0.087,0.26,18.4,0.87,74.5
22119_B9_B09_053.fcs,22119,22119_PBMC_wk2,Unstim,PBMC,W2,1.03,12.7,0.086,30,0.17,0.34,78.1,0,0,11.3,1.37,66.8
22119_C11_C11_059.fcs,22119,22119_PBMC_wk4,Mtb Lysate,PBMC,W4,0.83,32,1.01,39.4,0,0.92,92.8,0.18,0.28,31.2,0.74,61.6
22119_C9_C09_057.fcs,22119,22119_PBMC_wk4,Unstim,PBMC,W4,1.27,15.2,0.36,26.1,0.091,0.45,80.1,0.091,0.27,14,1.18,66.1
22119_D11_D11_063.fcs,22119,22119_PBMC_wk8,Mtb Lysate,PBMC,W8,2.2,28.9,0.35,29.6,0,0.31,94.6,0.07,0.14,28,0.84,66.6
22119_D9_D09_061.fcs,22119,22119_PBMC_wk8,Unstim,PBMC,W8,2.03,12.8,0,27.5,0.31,0.9,78.8,0.078,0.16,9.76,3.01,69.1
4119_E7_E07_039.fcs,4119,4119_BAL_wk8,Mtb Lysate,BAL,W8,18,86,31.9,8.9,0.3,0.36,91.2,0.78,17.9,79,6.93,12.2
4119_E5_E05_037.fcs,4119,4119_BAL_wk8,Unstim,BAL,W8,23.7,77,3.61,9.88,0.12,0.65,51.2,1.83,22,39.5,37.5,11.7
4119_A7_A07_023.fcs,4119,4119_PBMC_pre,Mtb Lysate,PBMC,No Vax,0.27,18.9,0.14,61.4,0.067,0.61,93.6,0.067,0.13,17.7,1.2,75.9
4119_A5_A05_021.fcs,4119,4119_PBMC_pre,Unstim,PBMC,No Vax,0.25,16.6,0.025,53,0.049,0.45,90.5,0.11,0.11,14.7,1.86,75.8
4119_B7_B07_027.fcs,4119,4119_PBMC_wk2,Mtb Lysate,PBMC,W2,0.34,27.3,0.88,40.5,0.084,0.54,92.6,0,0.17,25.4,1.88,67.3
4119_B5_B05_025.fcs,4119,4119_PBMC_wk2,Unstim,PBMC,W2,0.37,18.3,0,21.9,0,1.07,88.1,0.53,0.21,16.4,1.92,71.7
4119_C7_C07_031.fcs,4119,4119_PBMC_wk4,Mtb Lysate,PBMC,W4,0.26,45,1.2,45.1,0.052,0.71,93.1,0.1,0.24,43.3,1.75,49.8
4119_C5_C05_029.fcs,4119,4119_PBMC_wk4,Unstim,PBMC,W4,0.45,27.7,0.06,22.5,0,0.89,82.9,0.69,0.24,22.5,5.18,60.4
4119_D7_D07_035.fcs,4119,4119_PBMC_wk8,Mtb Lysate,PBMC,W8,0.55,44.7,0.78,46.3,0.046,1.29,89,0.092,0.32,42.2,2.57,46.8
4119_D5_D05_033.fcs,4119,4119_PBMC_wk8,Unstim,PBMC,W8,0.72,28,0.085,25.6,0.13,1.02,77.2,0.64,0.47,22.3,5.71,54.9
SEDXX18_F3_F03_043.fcs,SEDXX18,SEDXX18_BAL_pre,Mtb Lysate,BAL,No Vax,36.4,87.3,11,1.62,0.36,1.08,34.5,1.08,35.4,32.3,54.9,2.15
SEDXX18_F1_F01_041.fcs,SEDXX18,SEDXX18_BAL_pre,Unstim,BAL,No Vax,37.1,75.6,1.3,1.79,0.33,1.3,16.4,1.79,34.9,12.9,62.7,3.58
10221_E3_E03_019.fcs,10221,10221_BAL_wk8,Mtb Lysate,BAL,W8,41.7,83.4,14.7,2.18,0.24,0.4,90.9,0.24,41.3,76,7.41,14.9
10221_E1_E01_017.fcs,10221,10221_BAL_wk8,Unstim,BAL,W8,50.3,80.4,0.14,2.23,0,0.22,14.8,0.72,46.7,12.6,67.9,2.23
10221_A3_A03_003.fcs,10221,10221_PBMC_pre,Mtb Lysate,PBMC,No Vax,0.39,19.7,0.44,61.3,0.047,0.34,88.3,0.047,0.25,18,1.72,70.3
10221_A1_A01_001.fcs,10221,10221_PBMC_pre,Unstim,PBMC,No Vax,0.78,16.9,0.25,56.5,0.19,0.55,85.4,0.094,0.27,14.7,2.17,70.7
10221_B3_B03_007.fcs,10221,10221_PBMC_wk2,Mtb Lysate,PBMC,W2,0.26,29,0.47,52.7,0.026,0.63,95.2,0.026,0.1,28.1,0.89,67.1
10221_B1_B01_005.fcs,10221,10221_PBMC_wk2,Unstim,PBMC,W2,0.58,20.4,0.028,29.4,0,0.91,90,0.33,0.41,18.7,1.71,71.3
10221_C3_C03_011.fcs,10221,10221_PBMC_wk4,Mtb Lysate,PBMC,W4,1.32,39.3,0.63,57.1,0.14,2.02,90.9,0.07,0.97,37,2.37,53.9
10221_C1_C01_009.fcs,10221,10221_PBMC_wk4,Unstim,PBMC,W4,2.54,24,0.13,38.8,0.2,1.8,87.2,0.4,1.33,21.2,2.8,66
10221_D3_D03_015.fcs,10221,10221_PBMC_wk8,Mtb Lysate,PBMC,W8,0.39,36.5,0.44,62.7,0.03,0.39,95.8,0.015,0.26,35.7,0.79,60.1
10221_D1_D01_013.fcs,10221,10221_PBMC_wk8,Unstim,PBMC,W8,0.51,16.2,0.051,38.1,0.1,0.77,90.3,0.22,0.21,14.7,1.47,75.6
21819_BAL_C11_C11_075.fcs,21819,21819_BAL_wk8,Mtb Lysate,BAL,W8,17.3,92.6,26.5,13.6,0,0.19,78.6,0.48,16.9,72.8,19.9,5.83
21819_BAL_C9_C09_073.fcs,21819,21819_BAL_wk8,Unstim,BAL,W8,30.7,82.9,0.61,17,0.1,0.1,33.3,1.33,28.6,26,56.8,7.24
21819_A7_A07_035.fcs,21819,21819_PBMC_pre,Mtb Lysate,PBMC,No Vax,0.13,22.3,0.34,56.9,0.024,0.13,72,0.2,0.073,17.9,4.42,54.1
21819_A5_A05_033.fcs,21819,21819_PBMC_pre,Unstim,PBMC,No Vax,0.1,17,0.025,51.4,0.025,0.059,61.9,0.3,0.042,10.6,6.44,51.3
21819_B7_B07_039.fcs,21819,21819_PBMC_wk2,Mtb Lysate,PBMC,W2,1.14,27.4,0.8,57.4,0.23,0.46,89,0,1.03,24.7,2.74,64.4
21819_B5_B05_037.fcs,21819,21819_PBMC_wk2,Unstim,PBMC,W2,0.29,25.3,0,42.6,0,0.19,88,0.97,0.097,24.2,1.16,63.8
21819_C7_C07_043.fcs,21819,21819_PBMC_wk4,Mtb Lysate,PBMC,W4,0.17,42.4,2.81,60.3,0.065,0.15,90.9,0.15,0.15,39.8,2.59,51.1
21819_C5_C05_041.fcs,21819,21819_PBMC_wk4,Unstim,PBMC,W4,0.18,14.1,0,45.7,0.033,0.098,81,0.16,0.065,12.1,1.95,68.9
21819_D7_D07_047.fcs,21819,21819_PBMC_wk8,Mtb Lysate,PBMC,W8,0.23,34.2,0.23,36.7,0.23,0.23,84.2,0.46,0.23,29.8,4.36,54.4
21819_D5_D05_045.fcs,21819,21819_PBMC_wk8,Unstim,PBMC,W8,0.15,20.8,0,27.4,0.45,0.45,73,0.89,0,17.4,3.41,55.6
21519_BAL_B11_B11_071.fcs,21519,21519_BAL_wk8,Mtb Lysate,BAL,W8,37.8,97.4,54.9,2.05,0.22,0.22,85.6,0.37,37.5,84.2,13.1,1.32
21519_BAL_B9_B09_069.fcs,21519,21519_BAL_wk8,Unstim,BAL,W8,42.7,90.5,11.4,3.14,0.19,0.19,53.2,1.88,40.3,50,40.5,3.24
21519_E3_E03_019.fcs,21519,21519_PBMC_pre,Mtb Lysate,PBMC,No Vax,0.31,21.4,0.11,51.5,0.057,0.3,82.9,0.29,0.18,18.3,3.15,64.6
21519_E1_E01_017.fcs,21519,21519_PBMC_pre,Unstim,PBMC,No Vax,0.24,19.5,0.015,50.3,0.041,0.29,74.2,0.47,0.11,15.2,4.34,59
21519_F3_F03_023.fcs,21519,21519_PBMC_wk2,Mtb Lysate,PBMC,W2,0.2,26.9,0.37,73.6,0.036,0.37,96.9,0.35,0.16,26.3,0.55,70.6
21519_F1_F01_021.fcs,21519,21519_PBMC_wk2,Unstim,PBMC,W2,0.25,23,0.028,37.3,0.028,0.16,92.5,0.47,0.18,21.9,1.11,70.6
21519_G3_G03_027.fcs,21519,21519_PBMC_wk4,Mtb Lysate,PBMC,W4,0.34,31.6,0.4,71.6,0.057,0.27,94.9,0.28,0.31,30.4,1.18,64.4
21519_G1_G01_025.fcs,21519,21519_PBMC_wk4,Unstim,PBMC,W4,0.47,19.3,0.027,43.3,0.027,0.15,88.9,0.47,0.31,17.8,1.56,71.1
21519_H3_H03_031.fcs,21519,21519_PBMC_wk8,Mtb Lysate,PBMC,W8,0.17,31.1,0.28,66.8,0.015,0.23,93.1,0.39,0.12,29.2,1.82,63.9
21519_H1_H01_029.fcs,21519,21519_PBMC_wk8,Unstim,PBMC,W8,0.13,20.6,7.43E-03,48.6,7.43E-03,0.19,85.1,0.57,0.077,17.7,2.85,67.4
9621_BAL_A11_A11_067.fcs,9621,9621_BAL_wk8,Mtb Lysate,BAL,W8,33.6,97.3,49.4,5.26,0.21,0.78,91.2,1.41,33.6,89.6,7.76,1.67
9621_BAL_A9_A09_065.fcs,9621,9621_BAL_wk8,Unstim,BAL,W8,35.4,88.7,1.51,7.74,0.027,0.27,52.2,5.43,34.8,45.7,43,6.56
9621_A1_A01_001.fcs,9621,9621_PBMC_pre,Unstim,PBMC,No Vax,0.51,9.9,0.046,48.8,0.15,0.27,66.7,0.65,0.12,6.55,3.35,60.2
9621_A3_A03_003.fcs,9621,9621_PBMC_pre,Mtb Lysate,PBMC,No Vax,0.16,16,0.31,52.9,0.066,0.24,83.4,0.18,0.075,13.9,2.07,69.5
9621_B3_B03_007.fcs,9621,9621_PBMC_wk2,Mtb Lysate,PBMC,W2,0.37,40.1,1.63,66.3,0.02,0.3,96.2,0.22,0.35,39.4,0.71,56.8
9621_B1_B01_005.fcs,9621,9621_PBMC_wk2,Unstim,PBMC,W2,0.28,19.9,0.02,31.9,0.04,0.1,90.6,0.74,0.26,18.9,1,71.7
9621_C3_C03_011.fcs,9621,9621_PBMC_wk4,Mtb Lysate,PBMC,W4,0.84,54.2,3.16,56.1,0.07,0.53,96.9,0.11,0.81,53.8,0.46,43.1
9621_C1_C01_009.fcs,9621,9621_PBMC_wk4,Unstim,PBMC,W4,0.82,16.6,0,35.4,0.11,0.08,87,1.38,0.61,14.5,2.1,72.5
9621_D3_D03_015.fcs,9621,9621_PBMC_wk8,Mtb Lysate,PBMC,W8,0.34,57.9,1.3,63.3,0.038,0.17,95.9,0.2,0.31,56.6,1.35,39.3
9621_D1_D01_013.fcs,9621,9621_PBMC_wk8,Unstim,PBMC,W8,0.48,17.5,0.049,40.4,0.049,0.16,82.4,0.63,0.31,14.5,2.97,67.9
4319_BAL_D11_D11_079.fcs,4319,4319_BAL_wk8,Mtb Lysate,BAL,W8,56.5,95.5,36.8,20.5,0.081,0.26,93.5,0.04,55.2,89.6,5.84,3.88
4319_BAL_D9_D09_077.fcs,4319,4319_BAL_wk8,Unstim,BAL,W8,59.3,94.1,0.29,25.6,0,0.052,27.8,1.51,56.6,25.3,68.7,2.46
4319_E7_E07_051.fcs,4319,4319_PBMC_pre,Mtb Lysate,PBMC,No Vax,9.43,13.2,1.89,17,5.66,3.77,22.6,0,9.43,1.89,11.3,20.8
4319_E5_E05_049.fcs,4319,4319_PBMC_pre,Unstim,PBMC,No Vax,0,3.17,0,15.9,1.59,0,9.52,0,0,0,3.17,9.52
4319_F7_F07_055.fcs,4319,4319_PBMC_wk2,Mtb Lysate,PBMC,W2,0,20.5,0,60.6,0,0,80.9,0,0,19.1,1.33,61.7
4319_F5_F05_053.fcs,4319,4319_PBMC_wk2,Unstim,PBMC,W2,0.44,21.9,0,52.2,0,0,82,0.22,0.22,20.6,1.32,61.4
4319_G7_G07_059.fcs,4319,4319_PBMC_wk4,Mtb Lysate,PBMC,W4,0.34,21.9,0.96,67.4,0.34,0.87,65.8,0.21,0.11,18.4,3.58,47.5
4319_G5_G05_057.fcs,4319,4319_PBMC_wk4,Unstim,PBMC,W4,0.59,12.8,0.022,64.9,0.065,0.13,66.3,0.065,0.48,9.52,3.29,56.8
4319_H7_H07_063.fcs,4319,4319_PBMC_wk8,Mtb Lysate,PBMC,W8,0.55,27.4,0.65,60.6,0.044,0.33,76.2,0.044,0.46,23.4,4,52.9
4319_H5_H05_061.fcs,4319,4319_PBMC_wk8,Unstim,PBMC,W8,0.49,20.5,0.038,58.1,0.051,0.13,62.8,0.064,0.35,14.9,5.59,47.9
SEDXX21_BAL_E11_E11_083.fcs,SEDXX21,SEDXX21_BAL_pre,Mtb Lysate,BAL,No Vax,40.5,80.2,8.14,3.28,0.75,0.63,38.6,0.87,35.2,33.6,46.6,4.98
SEDXX21_BAL_E9_E09_081.fcs,SEDXX21,SEDXX21_BAL_pre,Unstim,BAL,No Vax,43.5,89.2,5.51,3.3,0.15,0.049,33.9,1.38,41.6,32,57.2,1.92
19521_BAL_A11_A11_028.fcs,19521,19521_BAL_wk8,Mtb Lysate,BAL,W8,68.3,97.7,66.2,1.26,0.07,0.28,91.1,2.03,68.3,90,7.7,1.12
19521_BAL_A9_A09_026.fcs,19521,19521_BAL_wk8,Unstim,BAL,W8,73.4,94.3,1.77,1.28,0.2,0.49,23.4,7.96,72.3,20.3,74,3.05
19521_A3_A03_004.fcs,19521,19521_PBMC_pre,Mtb Lysate,PBMC,No Vax,0.57,26.2,0.26,34.3,0.3,0.88,86.4,0.39,0.39,22.7,3.44,63.7
19521_A1_A01_002.fcs,19521,19521_PBMC_pre,Unstim,PBMC,No Vax,0.76,26.7,0.086,28.4,0.38,0.81,85.5,0.4,0.27,24,2.74,61.5
19521_B3_B03_008.fcs,19521,19521_PBMC_wk4,Mtb Lysate,PBMC,W4,1.21,37.8,0.92,47.1,0.22,0.79,94.7,0.22,1.02,36.4,1.4,58.3
19521_B1_B01_006.fcs,19521,19521_PBMC_wk4,Unstim,PBMC,W4,1.32,42.1,0.13,20.8,0.16,0.29,92.4,1.58,1,40.1,2,52.3
19521_C3_C03_012.fcs,19521,19521_PBMC_wk8,Mtb Lysate,PBMC,W8,1,41.2,0.39,47.7,0.19,0.74,95.8,0.33,0.86,40,1.24,55.9
19521_C1_C01_010.fcs,19521,19521_PBMC_wk8,Unstim,PBMC,W8,1.42,44.4,0.15,27.1,0.25,0.5,90.6,0.61,1.07,42.2,2.15,48.3
4519_BAL_B11_B11_032.fcs,4519,4519_BAL_wk8,Mtb Lysate,BAL,W8,33.1,94.9,31,11.7,0.19,0.38,94.6,0.83,33.1,90.5,4.48,4.1
4519_BAL_B9_B09_030.fcs,4519,4519_BAL_wk8,Unstim,BAL,W8,36.6,77,1.1,16.7,0.12,0.29,41.7,6.7,33,31.4,45.6,10.3
4519_D3_D03_048.fcs,4519,4519_PBMC_pre,Mtb Lysate,PBMC,No Vax,0.46,15,0.016,61.4,0.098,0.16,85.8,0.64,0.049,13.4,1.59,72.4
4519_D1_D01_046.fcs,4519,4519_PBMC_pre,Unstim,PBMC,No Vax,0.18,15.2,0.016,48.4,0.097,0.21,80.9,1.07,0.032,13.4,1.87,67.6
4519_E3_E03_052.fcs,4519,4519_PBMC_wk2,Mtb Lysate,PBMC,W2,0.46,18.1,1.19,68.9,0.081,0.45,93.2,0.21,0.16,17.2,0.85,76
4519_E1_E01_050.fcs,4519,4519_PBMC_wk2,Unstim,PBMC,W2,0.34,17,0.17,56,0.17,0.37,91.9,0.71,0.093,16,0.97,75.9
4519_F3_F03_056.fcs,4519,4519_PBMC_wk4,Mtb Lysate,PBMC,W4,1.1,28.7,0.74,35.7,2.94,4.04,72.8,1.1,0,25.7,2.94,47.1
4519_F1_F01_054.fcs,4519,4519_PBMC_wk4,Unstim,PBMC,W4,1.98,36.1,0.99,36.6,0.5,2.48,76.2,1.98,0.5,35.1,0.99,41.1
4519_G3_G03_060.fcs,4519,4519_PBMC_wk8,Mtb Lysate,PBMC,W8,0.82,23.3,0.2,40.9,0.13,0.5,85.6,0.67,0.47,20.5,2.8,65.1
4519_G1_G01_058.fcs,4519,4519_PBMC_wk8,Unstim,PBMC,W8,0.76,16,0,37.9,0.092,0.4,77.3,0.83,0.36,13,3,64.3
21219_BAL_C11_C11_036.fcs,21219,21219_BAL_wk8,Mtb Lysate,BAL,W8,13.9,89,18.5,40.6,0.23,0.33,94.7,0.72,13.5,84.5,4.5,10.2
21219_BAL_C9_C09_034.fcs,21219,21219_BAL_wk8,Unstim,BAL,W8,14,74.6,1.4,36,0.17,0.52,79.6,3.35,11.9,58.5,16.1,21.1
21219_A7_A07_016.fcs,21219,21219_PBMC_pre,Mtb Lysate,PBMC,No Vax,1.09,33.8,0.82,21.9,0.41,1.23,79.4,0.54,0.14,29,4.77,50.4
21219_A5_A05_014.fcs,21219,21219_PBMC_pre,Unstim,PBMC,No Vax,0.99,15.6,0.5,24.6,0.87,1.86,66,3.23,0.12,11,4.59,55
21219_B7_B07_020.fcs,21219,21219_PBMC_wk4,Mtb Lysate,PBMC,W4,0.61,32.1,4.58,26.8,0.2,0.51,88.5,0.61,0.41,30,2.14,58.5
21219_B5_B05_018.fcs,21219,21219_PBMC_wk4,Unstim,PBMC,W4,1.44,17.6,0,19.4,0.21,1.13,85.1,1.23,0.1,16.1,1.54,69
21219_C7_C07_024.fcs,21219,21219_PBMC_wk8,Mtb Lysate,PBMC,W8,1.49,17,0.4,15.6,0.12,0.31,70.3,0.56,0.19,12.4,4.52,57.9
21219_C5_C05_022.fcs,21219,21219_PBMC_wk8,Unstim,PBMC,W8,1.5,7.74,0.053,16.2,0.32,0.84,74.2,0.74,0.026,7.19,0.55,67.1
SEDXX19_BAL_E11_E11_044.fcs,SEDXX19,SEDXX19_BAL_pre,Mtb Lysate,BAL,No Vax,20.3,71.6,9.32,11.4,0.64,0.64,37.1,1.27,16.1,25.4,46.2,11.7
SEDXX19_BAL_E9_E09_042.fcs,SEDXX19,SEDXX19_BAL_pre,Unstim,BAL,No Vax,23.1,63.1,0.21,12.3,0.42,0.42,14.4,2.71,19.2,7.92,55.2,6.46
5219_BAL_D11_D11_040.fcs,5219,5219_BAL_wk8,Mtb Lysate,BAL,W8,30.8,91,42.8,14.9,0.37,0.48,95.7,1.24,30.5,87.6,3.37,8.12
5219_BAL_D9_D09_038.fcs,5219,5219_BAL_wk8,Unstim,BAL,W8,33.4,77.6,0.62,17.2,0.036,0.29,59.4,7.56,29.6,43.9,33.7,15.4
5219_D7_D07_064.fcs,5219,5219_PBMC_pre,Mtb Lysate,PBMC,No Vax,0.49,7.51,0.094,36,0.069,0.44,84.5,1.24,0.1,6.28,1.24,78.2
5219_D5_D05_062.fcs,5219,5219_PBMC_pre,Unstim,PBMC,No Vax,0.37,7.09,0.064,36.2,0.056,0.53,85.3,1.75,0.072,6.1,0.99,79.2
5219_E7_E07_068.fcs,5219,5219_PBMC_wk2,Mtb Lysate,PBMC,W2,1.13,21.6,4.04,64.5,0.14,0.46,93.5,0.5,0.94,21.1,0.48,72.4
5219_E5_E05_066.fcs,5219,5219_PBMC_wk2,Unstim,PBMC,W2,1.44,7.78,0.013,50.8,0.053,0.63,88.8,1.83,0.93,6.44,1.35,82.4
5219_F7_F07_072.fcs,5219,5219_PBMC_wk4,Mtb Lysate,PBMC,W4,8.78,4.05,8.78,32.4,16.9,14.9,54.1,1.35,2.03,1.35,2.7,52.7
5219_F5_F05_070.fcs,5219,5219_PBMC_wk4,Unstim,PBMC,W4,11.1,1.23,9.88,50.6,13.6,24.7,44.4,1.23,1.23,1.23,0,43.2
5219_G7_G07_076.fcs,5219,5219_PBMC_wk8,Mtb Lysate,PBMC,W8,3.42,6.84,2.31,48.1,4.02,10.3,69.2,0.4,1.21,5.63,1.21,63.6
5219_G5_G05_074.fcs,5219,5219_PBMC_wk8,Unstim,PBMC,W8,4.75,9.84,1.89,43.5,2.46,9.67,80.2,0.74,2.13,8.52,1.31,71.6
SEDXX5_BAL_A11_A11_051.fcs,SEDXX5,SEDXX5_BAL_wk4,Mtb Lysate,BAL,W4,7.87,65.8,9.32,54.2,0.17,0.86,96,0.38,7.07,63.7,2.07,32.2
SEDXX5_BAL_A9_A09_049.fcs,SEDXX5,SEDXX5_BAL_wk4,Unstim,BAL,W4,9.7,66.5,1.65,40.2,0.38,0.79,87.2,2.22,8.73,57.5,8.95,29.7
SEDXX2_BAL_B11_B11_055.fcs,SEDXX2,SEDXX2_BAL_wk4,Mtb Lysate,BAL,W4,50,84.6,34.5,12.5,0.33,0.81,84.3,1.2,46.3,71.4,13.2,12.8
SEDXX2_BAL_B9_B09_053.fcs,SEDXX2,SEDXX2_BAL_wk4,Unstim,BAL,W4,54.9,71,0.19,16.3,0.24,0.72,25.9,3.86,44.2,15.5,55.5,10.4
SEDXX15_BAL_D11_D11_063.fcs,SEDXX15,SEDXX15_BAL_wk4,Mtb Lysate,BAL,W4,2.08,12.7,0.43,81.6,0.17,0.35,97.8,0.087,1.39,11.9,0.87,86
SEDXX15_BAL_D9_D09_061.fcs,SEDXX15,SEDXX15_BAL_wk4,Unstim,BAL,W4,0.72,10.6,0,80.6,0,0,95.7,0.12,0.72,8.82,1.81,86.8
21919_BAL_H7_H07_083.fcs,21919,21919_BAL_wk8,Mtb Lysate,BAL,W8,42.3,93,48,5.7,1.3,2.44,86.7,1.38,41.5,83,10,3.75
21919_BAL_H5_H05_081.fcs,21919,21919_BAL_wk8,Unstim,BAL,W8,41.4,86.5,6.19,4.24,0.86,1.01,29.7,2.81,39.1,24.3,62.2,5.4
21919_E3_E03_019.fcs,21919,21919_PBMC_pre,Mtb Lysate,PBMC,No Vax,0.38,12.1,0.46,66,0.033,0.56,90,0.2,0.15,10.7,1.39,79.4
21919_E1_E01_017.fcs,21919,21919_PBMC_pre,Unstim,PBMC,No Vax,0.42,9.19,0.044,60.3,0.087,0.42,86.8,0.42,0.058,7.81,1.38,79
21919_F3_F03_023.fcs,21919,21919_PBMC_wk2,Mtb Lysate,PBMC,W2,0.53,22.3,1.88,75.1,0.058,0.95,96.5,0.044,0.35,21.7,0.6,74.8
21919_F1_F01_021.fcs,21919,21919_PBMC_wk2,Unstim,PBMC,W2,0.89,19.4,0.024,54.3,0.049,0.47,95.1,0.58,0.44,18.6,0.81,76.5
21919_G3_G03_027.fcs,21919,21919_PBMC_wk4,Mtb Lysate,PBMC,W4,0.65,20,0.22,55.4,0.43,1.74,92.4,0.22,0.43,18.9,1.09,73.5
21919_G1_G01_025.fcs,21919,21919_PBMC_wk4,Unstim,PBMC,W4,2.14,19.3,0.13,41.1,0.13,1.87,89.2,0.54,0.4,19,0.27,70.1
21919_H3_H03_031.fcs,21919,21919_PBMC_wk8,Mtb Lysate,PBMC,W8,0.21,19.2,0.26,67.8,0.017,0.57,95.7,0.088,0.091,18.8,0.49,77
21919_H1_H01_029.fcs,21919,21919_PBMC_wk8,Unstim,PBMC,W8,0.4,14.1,0.026,52.8,0.033,0.52,92.3,0.25,0.04,13.3,0.88,79
22619_BAL_G7_G07_079.fcs,22619,22619_BAL_wk4,Mtb Lysate,BAL,W4,27.6,91.1,11.6,10.8,0.39,0.98,85.8,6.89,26.4,79.7,11.4,6.1
22619_BAL_G5_G05_077.fcs,22619,22619_BAL_wk4,Unstim,BAL,W4,26.4,68.4,0.19,9.39,0.38,0.57,25.5,20.9,19.9,17.6,50.8,7.85
22619_A3_A03_003.fcs,22619,22619_PBMC_pre,Mtb Lysate,PBMC,No Vax,0.099,13.1,0.047,52.8,0.023,0.38,85.4,0.24,0.058,11.4,1.73,74
22619_A1_A01_001.fcs,22619,22619_PBMC_pre,Unstim,PBMC,No Vax,0.16,16.1,0.049,42.2,0.018,0.44,81.4,0.31,0.025,13.7,2.41,67.7
22619_B3_B03_007.fcs,22619,22619_PBMC_w2,Mtb Lysate,PBMC,W2,0.2,21.1,0.5,66.8,0.034,0.53,97.6,0.14,0.12,20.9,0.21,76.7
22619_B1_B01_005.fcs,22619,22619_PBMC_wk2,Unstim,PBMC,W2,0.29,24.9,0.025,28.2,0.044,0.25,92.6,0.46,0.14,24.4,0.53,68.2
22619_C3_C03_011.fcs,22619,22619_PBMC_wk4,Mtb Lysate,PBMC,W4,0.19,24.2,0.22,62.7,8.22E-03,0.55,91,0.099,0.099,23,1.27,68.1
22619_C1_C01_009.fcs,22619,22619_PBMC_wk4,Unstim,PBMC,W4,0.46,25.9,0.014,39.2,0.046,0.68,87.3,0.25,0.086,24.3,1.57,63
22619_D3_D03_015.fcs,22619,22619_PBMC_wk8,Mtb Lysate,PBMC,W8,0.25,27,0.065,57.7,0.042,0.43,84.6,0.079,0.12,23.6,3.43,61
22619_D1_D01_013.fcs,22619,22619_PBMC_wk8,Unstim,PBMC,W8,0.42,30.8,0.014,42.6,0.056,0.52,82.8,0.21,0.042,27.4,3.44,55.4
SEDXX22_BAL_E11_E11_067.fcs,SEDXX22,SEDXX22_BAL_pre,Mtb Lysate,BAL,No Vax,35.5,70,9.16,6.23,12.5,12.1,57.1,1.47,27.5,44.3,25.6,12.8
SEDXX22_BAL_E9_E09_065.fcs,SEDXX22,SEDXX22_BAL_pre,Unstim,BAL,No Vax,37.7,64.7,2.42,6.76,4.35,4.35,15,3.38,31.9,9.18,55.6,5.8
SEDXX23_BAL_F11_F11_087.fcs,SEDXX23,SEDXX23_BAL_pre,Mtb Lysate,BAL,No Vax,28.1,46.1,17.1,3.89,12.3,13.2,59.6,2.69,12.3,34.7,11.4,24.9
SEDXX23_BAL_F9_F09_085.fcs,SEDXX23,SEDXX23_BAL_pre,Unstim,BAL,No Vax,29.4,51.6,3.63,4.44,8.06,8.06,27.8,4.44,15.7,16.5,35.1,11.3
4319_BAL_C11_C11_059.fcs,4319,4319_BAL_wk4,Mtb Lysate,BAL,W4,58,87.4,31.7,25.6,0.33,0.89,93.3,0.76,56,82.5,4.85,10.8
4319_BAL_C9_C09_057.fcs,4319,4319_BAL_wk4,Unstim,BAL,W4,59.4,70.9,0.29,25.8,0.078,0.29,34.3,1.67,48.4,19.8,51,14.5
4819_BAL_F7_F07_075.fcs,4819,4819_BAL_wk4,Mtb Lysate,BAL,W4,4.82,54.7,7.26,57.2,0.048,0.14,97.8,0.14,4.68,53.3,1.43,44.5
4819_BAL_F5_F05_073.fcs,4819,4819_BAL_wk4,Unstim,BAL,W4,6.26,42.8,0,40.5,0.14,0.58,86.3,0.77,5.68,33,9.73,53.3
4819_BAL_E7_E07_071.fcs,4819,4819_BAL_wk8,Mtb Lysate,BAL,W8,14.9,89.3,22.1,14.8,0.15,0.23,92.2,0.23,14.4,83,6.39,9.28
4819_BAL_E5_E05_069.fcs,4819,4819_BAL_wk8,Unstim,BAL,W8,21.4,71,0.74,22.4,0.32,0.42,54.7,1.16,19.1,35.7,35.3,19
4819_A7_A07_035.fcs,4819,4819_PBMC_pre,Mtb Lysate,PBMC,No Vax,0,4.35,0,8.7,17.4,17.4,4.35,0,0,0,4.35,4.35
4819_A5_A05_033.fcs,4819,4819_PBMC_pre,Unstim,PBMC,No Vax,0,4.55,0,27.3,0,0,18.2,0,0,0,4.55,18.2
4819_B7_B07_039.fcs,4819,4819_PBMC_wk2,Mtb Lysate,PBMC,W2,0.47,24.5,4.14,69,0.037,0.25,94.8,0.037,0.29,23.9,0.53,70.9
4819_B5_B05_037.fcs,4819,4819_PBMC_wk2,Unstim,PBMC,W2,1.62,15.9,0.017,57.6,0.061,0.72,84.9,0.26,0.083,14.8,1.07,70.1
4819_C7_C07_043.fcs,4819,4819_PBMC_wk4,Mtb Lysate,PBMC,W4,0.54,33,1.87,62.6,0.067,0.47,96.6,0.059,0.28,32.6,0.45,64
4819_C5_C05_041.fcs,4819,4819_PBMC_wk4,Unstim,PBMC,W4,1.02,14.5,6.39E-03,57.6,0.038,0.54,86.4,0.2,0.13,13.3,1.18,73.1
4819_D7_D07_047.fcs,4819,4819_PBMC_wk8,Mtb Lysate,PBMC,W8,0.33,21,0.54,60.4,0.031,0.29,95.2,0.051,0.16,20.5,0.51,74.7
4819_D5_D05_045.fcs,4819,4819_PBMC_wk8,Unstim,PBMC,W8,0.93,10.6,4.56E-03,54.8,0.055,0.4,86.1,0.16,0.078,9.59,0.97,76.5
